{"key": "sentiment", "data": {"timestamp": "2026-05-20T13:50:16.147634", "status": "高潮期", "current_cycle": "高潮期", "confidence": 64.34890755719086, "position_limit": 30, "indicators": {"fear_index": 24.094117982534065, "greed_index": 54.59033102735521, "sentiment_score": 69.24600714876057, "market_volatility": 32.54349542525485, "up_down_ratio": 1.1167570269698608, "explode_rate": 35.713686117040154, "profit_effect": 70.08178036960267, "volume_change": -6.4640625281016835}, "analysis": "当前市场处于高潮期，建议积极参与", "suggestion": "建议仓位控制在46%以内"}, "timestamp": 1779256216.1476457, "ttl": 120}