{"key": "sentiment", "data": {"timestamp": "2026-05-20T03:57:48.934447", "status": "修复期", "current_cycle": "修复期", "confidence": 81.0527254574169, "position_limit": 40, "indicators": {"fear_index": 76.60207981419072, "greed_index": 48.568162975147416, "sentiment_score": 34.50840451152131, "market_volatility": 30.942027919560058, "up_down_ratio": 0.3944758794247984, "explode_rate": 26.51212995177825, "profit_effect": 69.64624766976169, "volume_change": 15.591241409711877}, "analysis": "当前市场处于修复期，建议积极参与", "suggestion": "建议仓位控制在53%以内"}, "timestamp": 1779220668.9344714, "ttl": 120}