{"key": "sentiment", "data": {"timestamp": "2026-06-11T00:46:39.810227", "status": "冰点期", "current_cycle": "冰点期", "confidence": 92.96887112535566, "position_limit": 20, "indicators": {"fear_index": 25.393336656286554, "greed_index": 68.64286792520859, "sentiment_score": 88.4342226083034, "market_volatility": 26.207408221829986, "up_down_ratio": 2.6883021320139653, "explode_rate": 45.96468875215726, "profit_effect": 37.032926359428735, "volume_change": 38.59399596183893}, "analysis": "当前市场处于冰点期，建议谨慎观望", "suggestion": "建议仓位控制在46%以内"}, "timestamp": 1781109999.8102388, "ttl": 120}