{"key": "sentiment", "data": {"timestamp": "2026-05-20T01:40:42.241215", "status": "发酵期", "current_cycle": "发酵期", "confidence": 72.2068326872396, "position_limit": 60, "indicators": {"fear_index": 38.29024305639089, "greed_index": 59.09147485485763, "sentiment_score": 33.55323504001331, "market_volatility": 32.511150221202264, "up_down_ratio": 1.3469279313074876, "explode_rate": 57.651288033812385, "profit_effect": 46.33185885189231, "volume_change": 31.821569301418847}, "analysis": "当前市场处于发酵期，建议积极参与", "suggestion": "建议仓位控制在31%以内"}, "timestamp": 1779212442.2412472, "ttl": 120}